Country,Year,CO2 emissions from gaseous fuel consumption (kt),CO2 emissions from gaseous fuel consumption (% of total),CO2 emissions (kt),CO2 emissions from liquid fuel consumption (kt),CO2 emissions from liquid fuel consumption (% of total),CO2 emissions (metric tons per capita),CO2 emissions (kg per 2011 PPP $ of GDP),CO2 emissions from solid fuel consumption (kt),CO2 emissions from solid fuel consumption (% of total),CO2 emissions from residential buildings and commercial and public services (million metric tons),"CO2 emissions from electricity and heat production, total (million metric tons)",CO2 emissions from manufacturing industries and construction (million metric tons),"CO2 emissions from other sectors, excluding residential buildings and commercial and public services (million metric tons)",CO2 emissions from transport (million metric tons)
USA,1960,630540.65,21.81276164,2890696.1,1282679.93,44.37270075,15.99977916,,918715.512,31.78180896,545.21,779.49,769.7,53.14,665.13
USA,1961,636935.898,22.11194863,2880505.507,1298378.357,45.07467019,15.68125552,,888169.402,30.8338033,557.39,795.04,748.25,53.04,679.76
USA,1962,676920.866,22.66065486,2987207.873,1335840.429,44.71869672,16.0139375,,921572.105,30.85061851,585.21,837.09,765.9,53.43,711.31
USA,1963,719043.695,23.05195492,3119230.874,1360368.992,43.61232134,16.48276215,,987816.46,31.66859075,582.7,899.07,814.66,52.08,739.71
USA,1964,759692.39,23.3321095,3255995.306,1395058.812,42.84584838,16.96811858,,1050034.449,32.24926176,582.15,928.56,867.82,48.89,768.73
USA,1965,783245.531,23.09830185,3390922.571,1465890.584,43.22984537,17.45172525,,1091511.886,32.1892306,604.75,1011.68,902.38,49.61,787.96
USA,1966,842896.62,23.66438698,3561878.111,1530913.828,42.98052264,18.12107301,,1133645.716,31.82719006,631.23,1088.96,951.25,48.07,825.99
USA,1967,882005.175,23.86565578,3695708.943,1590495.244,43.03626905,18.59831788,,1164001.142,31.49601768,657.99,1068.84,1044.62,44.36,865.13
USA,1968,937127.519,24.45942842,3831354.94,1690806.029,44.13075937,19.08938916,,1140536.009,29.76847687,674.94,1169.62,1068.19,47.13,937.23
USA,1969,1018916.287,25.31627001,4024748.853,1783086.084,44.30303975,19.85794566,,1158948.016,28.79553628,701.86,1265.75,1042.76,46.07,981.53
USA,1970,1060078.362,24.48837487,4328904.501,2039750.415,47.11932117,21.11125227,,1169046.934,27.00560693,798.51,1374.24,978.61,46.05,1035.27
USA,1971,1097826.46,25.19817322,4356770.034,2099023.803,48.17843922,20.98020348,,1108314.08,25.43889329,810.99,1413.61,908.77,76.78,1081.17
USA,1972,1116586.832,24.45998551,4564952.958,2271031.772,49.7492919,21.74864198,,1125761.666,24.6609697,826.17,1551.24,931.22,74.6,1148.75
USA,1973,1104383.056,23.15173841,4770194.948,2401448.627,50.34277746,22.51058213,,1211543.797,25.39820301,793.46,1664.17,966.56,73.12,1200.35
USA,1974,1053030.388,22.89949355,4598487.673,2301790.568,50.05538194,21.50293038,,1197260.832,26.03596915,751.6,1632.51,911.1,80.85,1172.21
USA,1975,978931.319,22.21647996,4406329.539,2236565.639,50.75802023,20.40222407,,1152171.4,26.14809877,736.11,1568.43,784.66,84.61,1187.02
USA,1976,995271.471,21.57489165,4613100.668,2301313.858,49.88648685,21.15761537,,1275466.941,27.64879921,790.83,1676.5,839.26,81.06,1240.47
USA,1977,963676.599,20.32090069,4742292.745,2444719.227,51.5514195,21.53248401,,1290409.966,27.2106771,765.14,1784.3,919.03,70.07,1278.6
USA,1978,981036.177,20.06573297,4889112.091,2492855.936,50.9879072,21.96514631,,1368418.057,27.98909151,762.41,1761.27,916.19,70,1324.35
USA,1979,1015843.341,20.72991685,4900373.448,2420880.06,49.4019504,21.77411499,,1415909.374,28.89390756,707.35,1786.17,993.15,85.11,1296.96
USA,1980,1002059.088,21.22480048,4721170.825,2216485.147,46.94778539,20.77751491,,1461226.16,30.95050389,636.39,1781.22,950.55,58.66,1234.76
USA,1981,970713.572,21.4200809,4531792.277,2033190.152,44.86503413,19.7492974,,1489652.744,32.87116119,593.35,1786.79,927.84,58.69,1229.25
USA,1982,903497.462,21.00864268,4300598.928,1924551.61,44.75078105,18.56395007,,1438446.756,33.44759137,590.23,1718.13,782.84,53.84,1220.35
USA,1983,858228.347,19.79799432,4334925.715,1921236.642,44.31994383,18.54180517,,1518086.662,35.01990027,569.93,1752.22,714.18,61.67,1236.68
USA,1984,886962.959,19.84112466,4470326.023,1954577.006,43.72336595,18.95611586,,1587389.295,35.50947485,592.66,1817.07,775.17,62.54,1274.28
USA,1985,860681.57,19.18397605,4486460.823,1956986.225,43.619822,18.85669719,,1628012.321,36.28722918,569.84,1856.66,765.69,68.91,1284.63
USA,1986,817454.974,18.20135456,4491176.585,2042559.337,45.47938159,18.70287126,,1589761.844,35.39744684,554.93,1843.71,748.71,66.38,1308.27
USA,1987,865694.359,18.48024511,4684431.152,2093941.341,44.70001315,19.33406449,,1682188.579,35.91019965,565.36,1930.32,755.6,64.26,1353.06
USA,1988,907443.154,18.56218838,4888664.717,2177820.299,44.54836699,19.9946205,,1760347.017,36.0087492,599.92,2013.7,784.52,66.35,1414.68
USA,1989,939188.373,18.96934689,4951084.391,2170526.636,43.8394191,20.0595756,,1798227.127,36.3198642,601.1,2109.01,736.07,64.81,1426.35
USA,1990,948751.909,19.89774534,4768137.761,1993879.912,41.81674297,19.10135589,0.5165080218,1781828.303,37.36948034,541.62,2138.8,702.85,65.42,1419.98
USA,1991,1056092.333,21.88019941,4826703.418,1961294.95,40.63425448,19.07931196,0.523232337,1765906.189,36.58617562,551.3,2156.67,671.3,63.19,1392.52
USA,1992,1083536.161,22.01326832,4922195.765,2006245.036,40.75914758,19.1887997,0.5152651085,1787908.189,36.32338644,561.19,2251.15,607.72,46.87,1423.24
USA,1993,1102259.863,21.91472919,5029767.21,2047187.091,40.70142823,19.35128717,0.5124587084,1830485.726,36.3930506,581.56,2310.74,623.68,44.54,1446.71
USA,1994,1150851.28,22.47071947,5121559.554,2076284.736,40.54008772,19.46428538,0.5015654783,1842421.811,35.97384335,571.93,2335.26,636.17,45.29,1499.2
USA,1995,1185277.076,22.98755423,5156168.7,2076156.391,40.2654861,19.36385544,0.4915903195,1840195.942,35.68921129,576.12,2396.2,591.58,45.33,1529.5
USA,1996,1186212.161,22.44044126,5286046.506,2134454.357,40.37903099,19.62199049,0.4855423821,1910250.31,36.13759939,612.2,2476.52,600.34,46.45,1568.22
USA,1997,1211675.809,22.3579483,5419440.965,2188656.284,40.38527771,19.87640503,0.4764163568,1963135.784,36.22395366,595.98,2610.63,635.48,46.92,1593.1
USA,1998,1197326.838,21.94476742,5456092.63,2236224.608,40.98582557,19.77891432,0.4592045505,1974276.13,36.18479861,544.88,2642.13,618.07,43.11,1631.25
USA,1999,1227762.938,22.19507248,5531691.502,2267434.445,40.98989331,19.82400911,0.4440463988,1986721.928,35.91526981,563.53,2617.52,606.63,41,1677.1
USA,2000,1274964.562,22.31471367,5713560.034,2318017.043,40.57045046,20.24918916,0.4406212425,2070963.919,36.24647167,595.08,2685.33,665.49,44.19,1708.06
USA,2001,1185104.727,21.15727681,5601404.839,2327815.267,41.55770443,19.65619321,0.4279126001,2038155.27,36.38650175,577.73,2686.09,656.81,47.22,1709.8
USA,2002,1233120.425,21.82147242,5650949.676,2304383.137,40.77868799,19.6469218,0.4241635362,2062581.157,36.49972616,579.03,2610.92,645.42,45.26,1724.55
USA,2003,1193516.825,21.00646442,5681664.468,2376461.689,41.82685729,19.58465737,0.414889746,2059354.197,36.24561444,601.8,2644.03,645.34,39.87,1749.36
USA,2004,1176091.241,20.30977307,5790765.052,2428170.056,41.93176608,19.7768452,0.4073839432,2131927.794,36.81599538,586.39,2678.81,676.51,50.8,1771.03
USA,2005,1168430.878,20.05410127,5826393.624,2446413.381,41.98846729,19.7159606,0.3965994309,2154806.207,36.98353297,568.18,2732.8,630.69,50.11,1789.87
USA,2006,1158020.265,20.18295325,5737615.554,2394921.367,41.74070822,19.22922866,0.3804124517,2127963.767,37.08794615,514.26,2670.04,660.16,52.32,1788.16
USA,2007,1250593.68,21.45580371,5828696.5,2377235.426,40.78502674,19.34957722,0.3796557302,2144835.634,36.79786096,545.48,2732.35,648.44,47.92,1788.52
USA,2008,1249115.879,22.08151772,5656838.878,2242168.815,39.63642705,18.60227269,0.3695347519,2112863.061,37.35059645,552.8,2671.78,625.05,45.71,1691.44
USA,2009,1238276.227,23.3116243,5311840.184,2154237.822,40.55539601,17.31529716,0.3570023151,1878072.385,35.35634206,547.89,2447.45,540.62,42.37,1606.55
USA,2010,1288792.819,23.7213217,5433056.536,2155898.973,39.68114373,17.56415999,0.3562176731,1945922.886,35.81635628,541.63,2571.83,609.5,47.33,1659.07
USA,2011,,,,,,,,,,530.05,2478.03,597.86,43.12,1638.11
USA,2012,,,,,,,,,,,,,,
USA,2013,,,,,,,,,,,,,,
China,1960,1994.848,0.2555118221,780726.302,23010.425,2.947310081,1.170381372,,748988.417,95.9348257,,,,,
China,1961,2819.923,0.5107937562,552066.85,22354.032,4.049153105,0.8360469008,,522903.199,94.71736964,,,,,
China,1962,2324.878,0.5279505692,440359.029,21781.98,4.94641385,0.6614281644,,412262.475,93.61962577,,,,,
China,1963,1958.178,0.4484079,436695.696,23289.117,5.333031036,0.6400018994,,406457.614,93.07570872,,,,,
China,1964,2031.518,0.4649601343,436923.05,27751.856,6.351657574,0.6256460539,,401899.533,91.98405371,,,,,
China,1965,2112.192,0.443763049,475972.933,35027.184,7.359070563,0.6655242112,,433347.725,91.04461514,,,,,
China,1966,2570.567,0.4917020889,522789.522,44583.386,8.527980023,0.7108913816,,470153.404,89.93168077,,,,,
China,1967,2801.588,0.6466684724,433234.048,42533.533,9.817680119,0.574162147,,383912.898,88.61558776,,,,,
China,1968,2687.911,0.5732025837,468928.626,48690.426,10.38333412,0.6054519967,,413058.214,88.08551901,,,,,
China,1969,3762.342,0.6517844664,577237.138,66904.415,11.59045574,0.7251495091,,501586.928,86.89443124,,,,,
China,1970,5507.834,0.7138036897,771617.474,94722.277,12.27580766,0.942934535,,666411.244,86.3654941,,,,,
China,1971,7179.986,0.8190412449,876633.02,120189.592,13.7103656,1.042239697,,737030.33,84.07512758,165.21,133.25,420.76,49.54,46.8
China,1972,9288.511,0.9970752983,931575.681,138440.251,14.86087001,1.080676637,,771349.783,82.80054951,173.88,144.65,444.58,53.77,51.44
China,1973,11477.71,1.185049446,968542.708,158949.782,16.41123109,1.098195691,,784385.968,80.98620345,176.51,157.12,456.3,57.04,55.84
China,1974,14451.647,1.462695874,988014.478,182722.943,18.49395399,1.097367111,,776736.606,78.61591336,175.67,156.28,469.38,58.66,60.98
China,1975,16985.544,1.482667008,1145607.47,204358.243,17.83841746,1.250124095,,907380.815,79.2052111,206.54,188.33,539.49,65.85,68.24
China,1976,19383.762,1.620453396,1196193.735,239180.075,19.99509511,1.285283136,,911132.156,76.16928005,209.38,195.7,568.56,67.32,69.33
China,1977,23256.114,1.774854824,1310310.775,257694.758,19.66668999,1.388842897,,999426.182,76.27398027,237.65,220.6,643.7,74.95,77.17
China,1978,26307.058,1.799180914,1462168.579,282223.321,19.3016951,1.52920111,,1118361.66,76.48650614,254.52,294.24,709.75,81.32,83.78
China,1979,27799.527,1.859674428,1494859.884,278655.33,18.64089959,1.542675099,,1148489.732,76.82925633,260.47,320.09,699.95,82.82,86.52
China,1980,27341.152,1.863501513,1467192.369,273426.188,18.63601487,1.495250749,,1123583.468,76.58051471,242.72,351.79,671.37,77.68,81.89
China,1981,24407.552,1.681538446,1451501.276,256583.657,17.67712239,1.460431817,,1125923.014,77.56955041,251.47,346.33,643.36,85.98,82.01
China,1982,22918.75,1.450314544,1580260.647,258021.121,16.32775716,1.566739684,,1249878.615,79.09319373,260.65,355.93,675.1,88.6,86.27
China,1983,23457.799,1.407161853,1667029.201,263987.33,15.83579519,1.629055908,,1322925.255,79.35825325,274.97,370.8,711.71,91.88,91.07
China,1984,24246.204,1.335946497,1814908.31,271673.362,14.96898551,1.75044806,,1455388.296,80.19073404,294.79,402.78,781.97,100.99,97.14
China,1985,24840.258,1.263136696,1966553.428,284826.891,14.48355722,1.871054791,,1585808.818,80.63898979,319.26,440.51,768.87,95.85,99.99
China,1986,26373.064,1.274695904,2068969.071,303315.905,14.66024356,1.939434257,,1658745.448,80.17255894,325.15,474.4,818.3,102.1,107.41
China,1987,26622.42,1.204793285,2209708.531,321786.584,14.5623995,2.038410689,,1771718.384,80.17882717,339.74,525.69,882.53,104.61,112.88
China,1988,27333.818,1.153568184,2369501.723,343410.883,14.49295772,2.150905225,,1894247.522,79.94286324,365,589.28,927.89,110.66,119.52
China,1989,28844.622,1.197597497,2408540.605,354730.912,14.72804367,2.153077911,,1921808.694,79.79141767,361.67,664.73,935.72,107.99,121.57
China,1990,29324.999,1.191712701,2460744.017,348387.002,14.15779129,2.167703077,1.394912834,1978302.496,80.39448567,363.56,712.81,935.23,124.6,108.66
China,1991,30802.8,1.191810559,2584538.27,376157.193,14.55413516,2.245901276,1.410921976,2051598.492,79.37969098,361.35,781.5,966.47,128.23,116.18
China,1992,30263.751,1.12255016,2695982.067,395555.623,14.67204207,2.31420729,1.348025688,2116449.387,78.50383773,338.33,863.21,1010.09,123.3,127.1
China,1993,35756.917,1.242122882,2878694.009,428899.654,14.89910538,2.442800659,1.259957206,2230570.094,77.48548776,348.2,981.06,1061.23,128.54,141.96
China,1994,41602.115,1.360328061,3058241.33,424059.214,13.8661135,2.565993892,1.174527418,2382537.908,77.90549047,320.6,1065.78,1116.42,139.79,132.43
China,1995,42471.194,1.279142968,3320285.15,468613.264,14.11364515,2.755754966,1.127660505,2571857.784,77.45894307,346.24,1169.82,1227.8,135.88,141.91
China,1996,44506.379,1.285164121,3463089.131,511040.454,14.75678028,2.844309582,1.06032084,2662579.364,76.88451736,183.13,1316.42,1170.18,230.88,189.97
China,1997,44194.684,1.273801874,3469510.048,558418.094,16.09501302,2.820567891,0.9656404369,2611692.405,75.27553945,327.21,1309.17,1141.64,116.96,167.77
China,1998,50542.261,1.520367721,3324344.519,559719.879,16.83699977,2.67674598,0.8465350478,2446772.747,73.60165991,268.68,1393.92,1184.66,125.38,166.62
China,1999,54616.298,1.64603323,3318055.614,597240.623,17.99971708,2.648649247,0.7835550126,2380440.384,71.74202789,276.66,1417.77,1031.65,131.61,182.31
China,2000,59845.44,1.757482492,3405179.867,649216.681,19.06556207,2.696862433,0.7471943227,2398390.349,70.43358773,280.77,1570.97,1134.4,70.94,253.02
China,2001,67212.443,1.92720184,3487566.356,659839.98,18.91978281,2.742120813,0.7066205346,2430843.299,69.7002738,281.27,1647.27,1136.22,72.1,259.3
China,2002,72973.3,1.975325308,3694242.143,697393.727,18.8778564,2.885225041,0.686176389,2562305.249,69.3594288,284.95,1823.68,1144.13,77.07,275.56
China,2003,60795.193,1.343487622,4525177.009,769318.265,17.00084358,3.512245428,0.7639291999,3265133.47,72.15482319,305.15,2149.79,1327.85,87.94,305.9
China,2004,71579.84,1.353585337,5288166.032,894406.969,16.91336776,4.080138906,0.8109504445,3838428.583,72.58525091,354.19,2434.77,1596.27,102.63,349.43
China,2005,85026.729,1.468505692,5790016.984,906214.709,15.65133076,4.441150695,0.7976911106,4265725.758,73.67380389,367.86,2709.09,1829.74,113.29,383.12
China,2006,103838.439,1.618817315,6414463.08,976353.418,15.2211246,4.892727098,0.7842991514,4717478.156,73.54439642,386.32,3042.92,1948.66,116.73,418.85
China,2007,129584.446,1.907953062,6791804.714,1007845.614,14.839143,5.153564017,0.7274171804,4975543.281,73.25804393,403.99,3294.33,2048.02,115.82,454.29
China,2008,149873.957,2.1302701,7035443.861,1036994.597,14.73957603,5.311151855,0.6872930626,5150378.507,73.20616309,388.5,3368.92,2155.91,106.65,470
China,2009,164549.291,2.139167702,7692210.895,1055853.978,13.72627444,5.778143184,0.6880540191,5651921.431,73.4759032,399.53,3555.43,2232.97,112.6,492.44
China,2010,196855.561,2.375505342,8286891.952,1145178.431,13.81915485,6.194857575,0.6711338581,6007279.4,72.49134458,424.26,3814.77,2320.99,117.96,574.65
China,2011,,,,,,,,,,454,4266.04,2487.49,123.69,623.32
China,2012,,,,,,,,,,,,,,
China,2013,,,,,,,,,,,,,,
India,1960,0,0,120581.961,19460.769,16.13903841,0.2682010028,,97208.503,80.61612383,,,,,
India,1961,3.667,0.002812069402,130402.187,21327.272,16.35499564,0.2843318775,,104956.874,80.48705042,,,,,
India,1962,11.001,0.007667927615,143467.708,24906.264,17.36018812,0.3065797305,,114227.05,79.6186484,,,,,
India,1963,11.001,0.007139627311,154083.673,27128.466,17.60632095,0.3226099536,,122144.103,79.27128204,,,,,
India,1964,22.002,0.01460493647,150647.694,28144.225,18.6821479,0.3089528423,,117167.984,77.77615501,,,,,
India,1965,282.359,0.1701243897,165972.087,30839.47,18.5811184,0.3333091871,,128818.043,77.61428161,,,,,
India,1966,311.695,0.1814649559,171765.947,35705.579,20.78734442,0.3376857121,,129404.763,75.33784505,,,,,
India,1967,487.711,0.2831594635,172238.99,32724.308,18.99936129,0.3314058448,,131740.642,76.48711944,,,,,
India,1968,751.735,0.4012762542,187336.029,42284.177,22.57129994,0.3526916207,,136973.451,73.11644841,,,,,
India,1969,997.424,0.5229662956,190724.337,45386.459,23.79688912,0.3512522656,,136463.738,71.55024899,,,,,
India,1970,924.084,0.4735417919,195143.072,49372.488,25.30066146,0.3514826253,,136669.09,70.03532772,,,,,
India,1971,1085.432,0.5272439037,205869.047,55489.044,26.95356335,0.3625699402,,140449.767,68.22286742,30.04,44.06,69.71,7.94,48.43
India,1972,1206.443,0.5537974684,217849.136,58925.023,27.04854565,0.375085393,,148641.845,68.23155131,28.92,49.16,73.56,8.25,48.4
India,1973,1169.773,0.5214207489,224343.393,61799.951,27.54703411,0.3775598243,,152440.857,67.94978669,29.25,50.69,72.57,9.14,46.61
India,1974,1360.457,0.5864221924,231992.755,60677.849,26.15506204,0.3815654171,,161102.311,69.44281988,27.96,60.87,78.48,8.61,49.71
India,1975,1734.491,0.6877399093,252201.592,61887.959,24.5390834,0.4053173866,,178465.556,70.76305688,29.09,66.71,85.96,7.96,51.51
India,1976,2295.542,0.8702300688,263785.645,63490.438,24.06895114,0.4141818011,,186855.652,70.83617154,31.39,75.34,91.92,8.88,50.58
India,1977,2482.559,0.7864137442,315681.029,68613.237,21.73498902,0.4842215263,,232986.512,73.80440717,32.58,74.18,94.92,9.39,51.87
India,1978,2742.916,0.8624566177,318035.243,75378.852,23.70141475,0.4765722257,,228175.408,71.74532163,33.13,63.25,91.4,9.36,51.64
India,1979,3032.609,0.9136001591,331940.507,82731.187,24.92349841,0.4859805178,,234849.348,70.7504336,36.38,74.02,91.49,13.87,54.2
India,1980,2489.893,0.7142932284,348581.353,83244.567,23.88095814,0.4987103306,,252854.318,72.53810791,34.92,88.92,91.11,11.74,56.58
India,1981,2885.929,0.7699457027,374822.405,89786.495,23.95440982,0.5241500436,,268618.751,71.66560681,39.52,101.48,99.76,16.58,57.2
India,1982,4363.73,1.095260009,398419.55,94483.922,23.71468017,0.5447029234,,284533.531,71.41555453,39.39,113.38,113.04,12.25,60.37
India,1983,5247.477,1.213791934,432320.965,99251.022,22.95771661,0.5779798029,,310858.924,71.90466093,42.21,127.65,113.64,14.7,62.78
India,1984,6175.228,1.38114297,447109.976,106192.653,23.75090217,0.5846490099,,315064.973,70.46699692,48.51,133.5,124.52,21.58,63.66
India,1985,7205.655,1.469147894,490464.917,116856.289,23.82561626,0.6274043949,,343975.601,70.13255976,45.85,154.92,126.71,15.79,67.71
India,1986,10318.938,1.96228836,525862.468,121957.086,23.19182171,0.6581987157,,370466.009,70.44922038,44.03,177.01,149.09,9.7,69.67
India,1987,12786.829,2.277016305,561560.713,127776.615,22.75383802,0.6879099678,,395925.99,70.50457428,46.54,203.31,149.21,8.79,74.15
India,1988,15218.05,2.509994617,606298.113,133724.489,22.05589728,0.7271213087,,429585.383,70.85382154,51.58,213.41,154.92,13.63,78.29
India,1989,18533.018,2.79555499,662945.929,150838.378,22.75274218,0.7786770382,,459625.447,69.3307594,52.83,234.97,166.17,12.49,82.66
India,1990,21114.586,3.057529126,690576.774,158297.056,22.92244135,0.7947797968,0.4385325711,476853.013,69.05141194,57.88,252.7,169.13,19.3,83.32
India,1991,23582.477,3.196099675,737851.738,166558.807,22.57347898,0.8324621315,0.4636532571,514436.096,69.72079478,60.59,279.25,173.16,23.2,87.33
India,1992,27278.813,3.481064488,783634.233,188208.775,24.01742638,0.86709217,0.4668287817,539639.387,68.86368209,60.15,303.2,178.8,22,90.66
India,1993,27018.456,3.318007214,814297.687,187031.668,22.96846362,0.8840419353,0.4630950891,569712.454,69.96365863,60.2,333.36,174.67,19.92,91.78
India,1994,29024.305,3.355676244,864931.623,199118.1,23.02125332,0.9216572783,0.461181154,604306.932,69.867596,64.96,347.93,185.55,23.96,95.91
India,1995,39082.886,4.247924464,920046.633,216459.343,23.52699692,0.9625888689,0.4560267442,630294.961,68.50684937,66.85,397.25,182.34,23.01,107.06
India,1996,39779.616,3.969133838,1002224.103,243360.455,24.28203974,1.029878845,0.4618881606,677965.961,67.64614411,68.97,433.41,204.21,28.21,83.2
India,1997,46061.187,4.412245113,1043939.895,244401.883,23.41148989,1.053994868,0.4623875641,710004.54,68.01201328,74.72,448.91,220.87,32.23,84.81
India,1998,47634.33,4.443866677,1071911.771,263107.25,24.54560694,1.063671976,0.4471249539,715464.703,66.74660381,71.68,469.85,222.5,19.68,88.1
India,1999,42350.183,3.700677395,1144390.026,285483.284,24.94632752,1.11646205,0.4385634493,768665.539,67.16814386,74.94,514.68,230.16,25.99,92.67
India,2000,43908.658,3.700178612,1186663.202,303752.278,25.59717681,1.138546236,0.4379424266,788507.676,66.44747007,74.1,551.45,228.79,23.52,94.28
India,2001,43604.297,3.622091376,1203843.097,298068.428,24.7597406,1.136236043,0.4238369773,806574.985,67.00000914,72.9,570.37,221.86,24.63,93.89
India,2002,47172.288,3.845176641,1226791.183,284834.225,23.21782459,1.139393204,0.4160884084,834689.874,68.03846372,76.49,579.03,235.85,26.49,96.52
India,2003,50028.881,3.902672056,1281913.527,293851.378,22.92287052,1.171995833,0.4030990267,874660.174,68.2308249,77.6,603.66,228.49,32.34,98.15
India,2004,49625.511,3.679985642,1348524.582,296858.318,22.01356371,1.214202126,0.3929145691,935308.687,69.35792639,80.19,660.46,241.29,34.14,102.22
India,2005,50479.922,3.577275491,1411127.606,300011.938,21.26044,1.251950214,0.3762232807,986632.019,69.9179872,80.74,683.94,264.47,33.59,101.62
India,2006,49482.498,3.289262,1504364.748,316902.14,21.06551223,1.315821535,0.3670756451,1056349.023,70.21894287,82.92,729.19,295.71,38.06,111.71
India,2007,52738.794,3.272846434,1611404.478,323656.754,20.08538256,1.390226108,0.3580958338,1147807.67,71.23026439,85.23,794.18,314.51,43.21,119.44
India,2008,57366.548,3.167167062,1811288.981,419020.756,23.13384338,1.54196566,0.3874402177,1240524.098,68.48846932,84.34,835.7,351.39,49.56,130.93
India,2009,79067.854,3.988767371,1982262.856,472771.642,23.85009842,1.665573859,0.3908673432,1326284.227,66.90758609,89.64,912.89,419.28,72.15,146.58
India,2010,98458.95,4.901325457,2008822.937,465294.629,23.16255059,1.666209247,0.3592460152,1338473.335,66.62973179,95.61,939.85,455.2,58.28,161.5
India,2011,,,,,,,,,,98.29,963.48,471.62,41.79,169.87
India,2012,,,,,,,,,,,,,,
India,2013,,,,,,,,,,,,,,
Japan,1960,1602.479,0.6884057971,232781.16,80681.334,34.65973535,2.516537519,,139257.992,59.82356648,19.98,81.57,108.76,6.6,37.19
Japan,1961,2046.186,0.7227323947,283118.069,107787.798,38.07167744,2.981979388,,160995.968,56.86531014,20.95,91.82,122.56,7.78,40.35
Japan,1962,2662.242,0.9079312674,293220.654,121861.744,41.55974088,3.059736351,,154340.363,52.63625222,21.55,102.09,124.23,9.54,44.35
Japan,1963,3674.334,1.129790617,325222.563,151146.406,46.47476012,3.359320776,,155466.132,47.80299699,22.03,113.53,141.36,11.42,48.36
Japan,1964,4008.031,1.115454091,359318.329,178527.895,49.68516232,3.673035072,,160339.575,44.62326635,21.81,127.08,158.12,16.9,54.4
Japan,1965,3611.995,0.933525409,386919.838,201120.282,51.97983206,3.912905535,,165884.079,42.87298368,23.88,136.06,163.1,21.48,56.41
Japan,1966,3703.67,0.8823657887,419743.155,226363.91,53.92914865,4.206264706,,170588.84,40.64124405,23.66,152.55,192.89,28.37,61.39
Japan,1967,3912.689,0.798700521,489881.864,282894.382,57.74746991,4.863557846,,181648.512,37.08006467,22.93,180.06,231.48,32.75,69.56
Japan,1968,4231.718,0.7522178694,562565.471,334276.386,59.419997,5.566593157,,200284.206,35.60193725,21.16,197.29,250.12,40.14,77.69
Japan,1969,4723.096,0.7222321909,653958.112,402405.579,61.53384622,6.338523165,,221204.441,33.82547551,20.59,227.36,293.08,45.33,87.27
Japan,1970,7682.365,0.9992368597,768823.22,503127.068,65.4411905,7.368088744,,229451.524,29.84451016,73.69,270.24,269.29,21.76,95.9
Japan,1971,8100.403,1.015669542,797543.164,553210.954,69.36439041,7.545561028,,206554.776,25.89888364,77.56,277.81,274.56,25.78,103.08
Japan,1972,7990.393,0.9363303927,853373.239,611864.619,71.69953205,7.961462468,,200379.548,23.48088021,81.1,291.31,289.62,28.88,107.44
Japan,1973,10590.296,1.156462857,915748.909,651556.227,71.1500959,8.472958752,,214559.837,23.42998554,92.26,349.57,315.43,32.58,117.73
Japan,1974,14172.955,1.54747939,915873.587,635799.128,69.41996549,8.313879441,,229378.184,25.04474277,90.13,342.47,310.53,31.98,119.61
Japan,1975,17168.894,1.97327107,870072.757,606521.8,69.70931972,7.77267069,,213595.416,24.54914423,88.81,330.76,280.53,31.4,124.79
Japan,1976,20700.215,2.27749536,908902.62,645289.324,70.9965303,8.059719431,,208553.291,22.94561446,93.27,340.78,287.37,32.64,131.14
Japan,1977,24704.579,2.641598212,935213.345,669245.835,71.56076617,8.213496439,,204688.273,21.88679985,92.64,369.48,276.92,35.08,137.34
Japan,1978,34532.139,3.820407965,903886.164,652040.271,72.13743245,7.866857247,,174882.897,19.34788959,95.04,366.13,260.75,38.24,146.83
Japan,1979,40923.72,4.282425173,955620.2,679715.12,71.12816577,8.24734789,,191094.704,19.99693016,93.98,370.77,272.77,39.19,154.37
Japan,1980,47971.694,5.062595538,947571.135,631175.041,66.60977922,8.114017015,,224482.739,23.69033107,88.08,342.19,256.2,38,156.24
Japan,1981,48631.754,5.231434364,929606.502,591032.392,63.57877131,7.901592054,,247559.17,26.6305334,92.66,334.43,239.34,37.35,152.76
Japan,1982,49786.859,5.530639097,900200.829,567251.897,63.01392742,7.599902312,,242828.74,26.97495183,98.79,318.53,246.3,21.99,147.35
Japan,1983,53391.52,6.04086713,883838.675,560031.574,63.3635515,7.411085746,,229983.239,26.02095218,103.64,323.45,238.47,22.58,151.38
Japan,1984,71755.856,7.632539707,940130.792,568564.683,60.47718975,7.833248279,,260390.003,27.69721035,111.34,352.36,252.69,25.72,156.19
Japan,1985,77043.67,8.41642264,915396.877,529914.503,57.88904423,7.580675398,,272010.726,29.71505943,107.93,336.69,250.66,24.74,158.05
Japan,1986,81319.392,8.88418826,915327.204,540798.159,59.08249603,7.534053304,,257669.089,28.15048956,111.43,333.85,242.41,25.85,163.53
Japan,1987,82775.191,9.139088399,905726.998,536676.451,59.25366608,7.418458347,,250591.779,27.6674737,110.24,335.12,241.35,27.53,169.51
Japan,1988,86277.176,8.722958569,989081.575,585388.879,59.18509593,8.066694192,,278739.671,28.18166651,121.9,367.4,254.74,29.75,178.48
Japan,1989,92800.769,9.048879036,1025549.89,615659.964,60.03218078,8.329948098,,277331.543,27.04222834,117.73,381.12,260.89,29.4,191.18
Japan,1990,101172.53,9.240899774,1094834.188,661028.088,60.3770046,8.862399022,0.299916956,290543.744,26.53769376,137.21,409.02,284.94,20.75,209.66
Japan,1991,106475.012,9.674925695,1100525.372,651149.19,59.16712205,8.880862582,0.2917763488,298233.443,27.09918831,135.21,413.1,278.18,21.75,220.93
Japan,1992,108957.571,9.697422659,1123572.467,678750.699,60.41005088,9.044365382,0.2954667398,291852.863,25.97543742,139.96,421.89,270.76,21.26,225.17
Japan,1993,111737.157,10.07945539,1108563.436,659249.593,59.46881988,8.901550042,0.291021973,293668.028,26.49086362,148.72,410.06,265.29,20.27,229.86
Japan,1994,119206.836,10.15367316,1174026.72,695204.528,59.2153923,9.395145045,0.3055686818,313920.869,26.73881809,144.59,452.7,268.65,19.62,241.75
Japan,1995,121861.744,10.29284686,1183945.955,691240.501,58.38446409,9.438419909,0.3022791029,325724.942,27.51180834,156.77,444.72,272.15,19.06,249.21
Japan,1996,128759.371,10.68001326,1205610.591,694111.762,57.57346254,9.586521982,0.299980747,335618.508,27.83805239,154.47,450.62,276.8,19.78,254.76
Japan,1997,134190.198,11.1673299,1201631.896,675648.417,56.22757013,9.529878389,0.294294912,345941.113,28.78927516,151.31,447.8,277.86,19,256.56
Japan,1998,137211.806,11.83814224,1159065.36,655725.606,56.57365224,9.169095483,0.289672393,325567.261,28.08877499,155.9,435.56,255.52,18.43,255.68
Japan,1999,145279.206,12.1263877,1198041.903,662337.207,55.28497838,9.459470217,0.3000114043,350469.858,29.25355592,164.73,458.55,262.39,17.9,257.66
Japan,2000,150405.672,12.33248643,1219589.195,661328.782,54.22553633,9.612904509,0.2986648908,367411.398,30.12583249,168.24,467.6,267.48,16.08,256.44
Japan,2001,152235.505,12.66237826,1202266.287,636510.526,52.94255797,9.455570134,0.2933798352,375343.119,31.21963271,171.91,459.52,255.79,15.67,258.37
Japan,2002,152400.52,12.5252026,1216750.937,640705.574,52.65708491,9.547263031,0.2960571844,387818.253,31.8732652,179.56,489.03,260.27,15.76,253.06
Japan,2003,163350.182,13.20077048,1237429.15,640580.896,51.7670766,9.688760785,0.2960989638,399204.288,32.26077937,175.38,506.76,256.93,15.32,250.59
Japan,2004,161681.697,12.83539683,1259654.837,627464.037,49.81237864,9.85946288,0.2944657097,436904.715,34.68447881,174.63,501.02,264.13,15.28,250.57
Japan,2005,161663.362,13.05652219,1238180.885,624970.477,50.47489301,9.690473613,0.2857236069,416820.556,33.66394693,174.73,512.16,266,14.93,245.21
Japan,2006,177446.13,14.41126455,1231301.593,596844.587,48.47265612,9.637915973,0.279406059,422126.705,34.28296588,170.84,502.16,269.29,13.27,241.61
Japan,2007,190254.961,15.20657233,1251136.396,586331.298,46.86389908,9.792040792,0.2778166986,440795.402,35.23160252,163.95,556.9,264.85,12.17,235.62
Japan,2008,191787.767,15.89072977,1206916.043,553471.311,45.85831088,9.450883801,0.2708184459,430333.451,35.65562439,156.4,515.16,239.29,10.29,226.03
Japan,2009,184791.131,16.78927203,1100650.05,504758.883,45.86006997,8.628627075,0.2614222958,383769.885,34.86756622,150.11,476.3,231.9,10.06,220.74
Japan,2010,197057.246,16.83220728,1170715.419,511993.874,43.73341853,9.185650865,0.2657033606,435965.963,37.23927745,152.09,508.3,244.87,10.1,222.64
Japan,2011,,,,,,,,,,150.19,561.21,244.78,10.21,219.65
Japan,2012,,,,,,,,,,,,,,
Japan,2013,,,,,,,,,,,,,,
Germany,1960,,,,,,,,,,91.91,178.09,174.95,30.67,52.46
Germany,1961,,,,,,,,,,97.94,181.72,172.34,28.49,54.92
Germany,1962,,,,,,,,,,114.08,189.73,172.45,35.08,58.33
Germany,1963,,,,,,,,,,132.85,200.61,172.08,42.68,61.64
Germany,1964,,,,,,,,,,128.22,212.07,183.69,34.31,63.95
Germany,1965,,,,,,,,,,129.05,213.4,186.74,34.84,64.18
Germany,1966,,,,,,,,,,131.56,208.64,180.28,32.87,67.15
Germany,1967,,,,,,,,,,130.88,206.37,179.95,31.32,65.78
Germany,1968,,,,,,,,,,138.8,223.79,184.08,33.86,68.46
Germany,1969,,,,,,,,,,159.83,246.04,194.06,33.32,72.42
Germany,1970,,,,,,,,,,239.04,361.26,262.74,24.32,93.71
Germany,1971,,,,,,,,,,225.91,375.86,252.21,25.41,99.24
Germany,1972,,,,,,,,,,226.77,388.89,254.66,29.69,103.23
Germany,1973,,,,,,,,,,238.48,403.71,272.57,32.19,106.17
Germany,1974,,,,,,,,,,213.63,409.39,270.65,33.11,101.76
Germany,1975,,,,,,,,,,206.34,381.82,246.87,35.05,105.42
Germany,1976,,,,,,,,,,221.65,417.86,247.23,38.52,106.98
Germany,1977,,,,,,,,,,215.15,408.83,240.12,40.21,112.86
Germany,1978,,,,,,,,,,221.4,424.98,245.61,41.92,121.94
Germany,1979,,,,,,,,,,232.03,445.7,254.75,45.56,125.61
Germany,1980,,,,,,,,,,201.9,443.2,233.87,48.65,127.99
Germany,1981,,,,,,,,,,184.51,436.79,225.27,51.8,123.89
Germany,1982,,,,,,,,,,172.47,427.2,207.07,51.43,124.16
Germany,1983,,,,,,,,,,164.96,425.61,215.01,52.13,126.22
Germany,1984,,,,,,,,,,212.32,428.81,216.47,18.67,129.86
Germany,1985,,,,,,,,,,228.09,418.08,219.29,19.23,129.92
Germany,1986,,,,,,,,,,237.23,419.87,203.57,19.7,135.97
Germany,1987,,,,,,,,,,231.22,413.18,202.82,19.07,140.92
Germany,1988,,,,,,,,,,212.13,415.5,206.67,21.1,145.82
Germany,1989,,,,,,,,,,184.26,419.21,205.7,18.38,149.27
Germany,1990,,,,,,,,,,194.22,402.63,179.26,15.96,157.59
Germany,1991,132276.024,14.22363824,929973.202,333623.66,35.87454555,11.62264617,0.3635813638,445782.522,47.93498577,192.87,399.98,153.93,17.76,160.28
Germany,1992,130255.507,14.60303235,891975.748,336696.606,37.74728256,11.06332025,0.3421837519,405548.198,45.46628077,178.1,383.75,145.92,15.97,162.79
Germany,1993,136815.77,15.5889628,877645.112,340667.967,38.81614132,10.81424893,0.3400942444,381195.651,43.43391717,186.12,375.97,137.48,12.94,167.36
Germany,1994,140141.739,16.19089985,865558.68,335226.139,38.72945264,10.62839192,0.3273201192,370755.702,42.83426538,174.07,376.24,139.31,14.07,164.81
Germany,1995,154135.011,17.83742494,864110.215,336263.9,38.9144688,10.57946663,0.3213827639,354525.56,41.02781727,175.72,370.37,140.07,14.98,166.68
Germany,1996,172374.669,19.37633965,889614.2,346692.848,38.97114592,10.8602336,0.3282723734,352281.356,39.59934048,197.15,381.12,132.3,18.17,167.78
Germany,1997,164783.979,19.11033618,862276.715,340917.323,39.5368815,10.5111126,0.3127513339,336109.886,38.97935317,182.54,365.48,131.08,18.27,168.43
Germany,1998,166573.475,19.47397754,855364.42,339773.219,39.72262711,10.42527316,0.304573518,327903.14,38.33490526,174.63,365.47,129.9,17.61,171.33
Germany,1999,164893.989,20.04886596,822460.429,324423.157,39.44544267,10.01775877,0.2874782964,312281.72,37.96920909,162.98,351.4,124.34,12.02,176.11
Germany,2000,164567.626,19.82795566,829977.779,316880.138,38.17935203,10.09563988,0.2814986284,328060.821,39.52645833,159.57,356.29,126.26,11.03,171.89
Germany,2001,173126.404,20.28041719,853662.932,326883.714,38.29189505,10.3662867,0.2852126037,334852.105,39.22533033,175.5,368.4,120.29,11.15,167.96
Germany,2002,173082.4,20.88421649,828771.336,311368.637,37.56990903,10.04711428,0.2768681132,326117.311,39.34949205,163.54,370.17,120.31,11.17,165.55
Germany,2003,181234.141,21.74618959,833406.424,304001.634,36.47699673,10.09771302,0.279465797,329230.594,39.50420641,171.09,374.06,117.61,0.48,160.62
Germany,2004,180321.058,21.83337477,825896.408,295464.858,35.77505062,10.00889289,0.2737686497,331834.164,40.17866657,161.99,382.16,120.82,0.56,162.64
Germany,2005,185187.167,22.95604346,806703.33,287632.146,35.65525706,9.78184775,0.2655881521,316003.725,39.1722351,157.19,367.47,120.26,0.39,154.89
Germany,2006,182070.217,22.50949777,808859.526,289326.3,35.76965971,9.819062562,0.2567965565,318280.932,39.34934581,164.89,373.75,122.05,0.31,152.48
Germany,2007,176049.003,22.45478314,784015.601,253793.07,32.37092089,9.530207568,0.2410297408,335178.468,42.75150489,128.81,386.52,123.57,0.12,148.23
Germany,2008,175341.272,22.38325282,783359.208,275652.057,35.18846197,9.540351755,0.2382472493,313370.819,40.00346403,156.97,366.85,123.36,0.04,147.02
Germany,2009,175392.61,23.95260559,732248.562,262080.49,35.79119217,8.940512042,0.2347834689,277529.561,37.90100458,145,338.75,106.06,0.03,147.16
Germany,2010,168124.616,22.55544404,745383.756,263888.321,35.40301474,9.114841508,0.2297753937,298438.795,40.03827459,152.9,353.46,115.57,0.03,147.01
Germany,2011,,,,,,,,,,134.16,350.51,114.15,0.02,148.74
Germany,2012,,,,,,,,,,,,,,
Germany,2013,,,,,,,,,,,,,,
